[
    {
        "title": "HCL Commerce Developer",
        "location": "India",
        "snippet": "&nbsp;...with code management tools including SVN and Git.\u200b \r\n Experience with unit, system, and integration testing.\u200b\r\n Experience with XML and <b>Web </b>Services.\u200b \r\n Experience with the Struts and Spring Application Frameworks.\u200b\r\n Experience with JavaScript and JavaScript frameworks...&nbsp;",
        "salary": "",
        "source": "exelare.com",
        "type": "Full-time",
        "link": "https://jooble.org/jdp/7349202928610809124",
        "company": "BlueSky Commerce",
        "updated": "2025-02-17T07:12:44.6684514+00:00",
        "id": 7349202928610809124
    },
    {
        "title": "Staff Software Engineer-Java",
        "location": "India",
        "snippet": "&nbsp;...language, preferably Kotlin but Java is fine too \r\n Experience with either Spring Boot or Kafka (Kafka Streams) \r\n Familiarity with <b>web </b>services (REST, gRPC, WS), distributed systems, micro services and domain-driven and event-driven design \r\n AWS or any other cloud dev...&nbsp;",
        "salary": "",
        "source": "ev.careers",
        "type": "Full-time",
        "link": "https://jooble.org/jdp/-602693921821280792",
        "company": "ChargePoint",
        "updated": "2025-02-24T21:35:13.1030000",
        "id": -602693921821280792
    },
    {
        "title": "Sr Applications Developer",
        "location": "India",
        "snippet": "&nbsp;...making a difference, and new people to make a difference with. \r\n The opportunity \r\n The Sr FS Developer will be responsible to develop <b>web </b>applications to ensure seamless customer experiences. To be successful in this role, you should have a passion for customer-facing...&nbsp;",
        "salary": "",
        "source": "careers.teva",
        "type": "",
        "link": "https://jooble.org/jdp/9120008659714386801",
        "company": "Teva Pharmaceutical Industries Ltd.",
        "updated": "2025-02-11T11:47:50.6270000",
        "id": 9120008659714386801
    },
    {
        "title": "Automation Testing engineer",
        "location": "India",
        "snippet": "&nbsp;...Full-Time \r\n\r\n Job Description: \r\n We are seeking an experienced  Automation Testing Engineer  with 3 to 8 years  of expertise in  <b>Web </b>and Mobile automation testing  using  Playwright, Appium, JavaScript, or TypeScript  . \r\n\r\n Key Responsibilities: \r\n Develop and maintain...&nbsp;",
        "salary": "",
        "source": "hiresmrt.com",
        "type": "Full-time",
        "link": "https://jooble.org/jdp/-1344706476168830481",
        "company": "Techy Recruit",
        "updated": "2025-03-21T21:44:34.5890590+00:00",
        "id": -1344706476168830481
    },
    {
        "title": "High School Health and Physical Education",
        "location": "India",
        "snippet": "&nbsp;...be an advantage \r\n\u2022 Minimum of five years of teaching experience  \r\n  Application Process \r\n Candidates must apply through our online <b>web </b>portal: \r\n and attach a cover letter, educational philosophy, resume and a list of at least three \r\n references with contact details...&nbsp;",
        "salary": "",
        "source": "careers.nais.org",
        "type": "Full-time",
        "link": "https://jooble.org/jdp/8539616109085522288",
        "company": "American Embassy School",
        "updated": "2025-03-03T00:00:00.0000000",
        "id": 8539616109085522288
    },
    {
        "title": "Security Analyst - Purple Team",
        "location": "India",
        "snippet": "&nbsp;...or Master\u2019s degree in Software Engineering or related field. \r\n~1-3 years of experience in information security \r\n~ Understanding of <b>web </b>application security testing and OWASP Top 10\r\n~ Familiarity with common security tools (Burp Suite, Nmap, Metasploit)\r\n~ Knowledge of...&nbsp;",
        "salary": "",
        "source": "ev.careers",
        "type": "Full-time",
        "link": "https://jooble.org/jdp/467699143105935424",
        "company": "ChargePoint",
        "updated": "2025-03-17T00:00:00.0000000",
        "id": 467699143105935424
    },
    {
        "title": "Digital Adoption Platform - Manager",
        "location": "India",
        "snippet": "&nbsp;...navigating our software platforms, leveraging pre-existing content and knowledge from software SME's.   \r\n User Experience Enhancement via <b>Web </b>Analytics:  Utilise  Microsoft Clarity and PowerBI  to view usage metrics and insights, helping to understand user behaviour and...&nbsp;",
        "salary": "",
        "source": "ceipal.com",
        "type": "",
        "link": "https://jooble.org/jdp/711891494520781698",
        "company": "Talent Integrators",
        "updated": "2025-03-18T12:29:38.2430000",
        "id": 711891494520781698
    },
    {
        "title": "Indian (Domestic) IT Recruiter",
        "location": "India",
        "snippet": "&nbsp;...Demonstrated success in developing and executing sourcing strategies \r\n Experience supporting remote customers \r\n Demonstrated proficiency with <b>web-</b>based applicant tracking systems, internet search engines, and Microsoft Office programs particularly Excel, Word, and PowerPoint....&nbsp;",
        "salary": "",
        "source": "catsone.com",
        "type": "",
        "link": "https://jooble.org/jdp/6916806901095770816",
        "company": "CEdge Inc",
        "updated": "2025-02-03T00:00:00.0000000",
        "id": 6916806901095770816
    },
    {
        "title": "Engineer - Automation",
        "location": "India",
        "snippet": "&nbsp;...to umlaut\u2019s latest study!\r\n Job Duties and Responsibilities \r\n Responsibilities: \r\n Assist in designing, developing, and maintaining <b>web </b>applications using Python and Node.js frameworks. \r\n Support building automations and frameworks for 5G applications and network function...&nbsp;",
        "salary": "",
        "source": "jobs.dish.com",
        "type": "",
        "link": "https://jooble.org/jdp/6477867774066819851",
        "company": "Dish",
        "updated": "2025-02-11T07:44:13.4200000",
        "id": 6477867774066819851
    },
    {
        "title": "Sr Specialist Talent Acquisition - TAPI",
        "location": "India",
        "snippet": "&nbsp;...remote teams. \r\n Expertise in a specific market sector or talent segment. \r\n Knowledge of diverse candidate sourcing strategies (e.g., <b>web </b>sourcing, networking, advertising, and database searching)\r\n Reports To \r\n TAPI India TA Lead \r\n Teva\u2019s Equal Employment Opportunity...&nbsp;",
        "salary": "",
        "source": "careers.teva",
        "type": "",
        "link": "https://jooble.org/jdp/1151845246785871491",
        "company": "Teva Pharmaceutical Industries Ltd.",
        "updated": "2025-03-12T11:33:41.1770000",
        "id": 1151845246785871491
    },
    {
        "title": "Senior Digital Marketer - ATZ CRM",
        "location": "India",
        "snippet": " Job Description: Senior Digital Marketer  Job Responsibilities: \r\n\r\n Develop and implement digital marketing strategies to drive customer acquisition and retention \r\n Optimize SEO strategies to improve website ranking on search engines \r\n Analyze and report on digital ...",
        "salary": "$55k",
        "source": "atzcrm.com",
        "type": "",
        "link": "https://jooble.org/jdp/-1837952516505672893",
        "company": "ATZ CRM Corp",
        "updated": "2025-03-06T00:00:00.0000000",
        "id": -1837952516505672893
    },
    {
        "title": "Senior Software Engineer",
        "location": "India",
        "snippet": " Job Description \r\n Company Summary \r\n\r\n DISH Network Technologies India Pvt. Ltd is a technology subsidiary of EchoStar Corporation. Our organization is at the forefront of technology, serving as a disruptive force and driving innovation and value on behalf of our customers...",
        "salary": "",
        "source": "jobs.dish.com",
        "type": "",
        "link": "https://jooble.org/jdp/6160266389058537538",
        "company": "Dish",
        "updated": "2025-02-28T09:10:32.1530000",
        "id": 6160266389058537538
    },
    {
        "title": "Senior Software Engineer",
        "location": "India",
        "snippet": " Job Description \r\n Company Summary \r\n\r\n DISH Network Technologies India Pvt. Ltd is a technology subsidiary of EchoStar Corporation. Since 1980, the organisation has been at the forefront of technology, serving as a disruptive force and driving innovation and value on ...",
        "salary": "",
        "source": "jobs.dish.com",
        "type": "",
        "link": "https://jooble.org/jdp/-4434297775729875095",
        "company": "Dish",
        "updated": "2025-03-20T09:56:51.1600000",
        "id": -4434297775729875095
    },
    {
        "title": "Senior Software Quality Assurance Specialist",
        "location": "India",
        "snippet": "Our company is on the lookout for an experienced and skilled Senior Software Quality Assurance Specialist to join our exceptional team. The successful applicant will be responsible for establishing and executing our quality assurance strategies and procedures to ensure ...",
        "salary": "",
        "source": "educationamerica.net",
        "type": "",
        "link": "https://jooble.org/jdp/-8834676653924838770",
        "updated": "2025-03-02T14:49:01.8707807+00:00",
        "id": -8834676653924838770
    },
    {
        "title": "Staff Engineer, Cloud and Platform Engineering",
        "location": "India",
        "snippet": " Job Description \r\n Company Summary \r\n\r\n DISH Network Technologies India Pvt. Ltd is a technology subsidiary of EchoStar Corporation. Our organization is at the forefront of technology, serving as a disruptive force and driving innovation and value on behalf of our customers...",
        "salary": "",
        "source": "jobs.dish.com",
        "type": "",
        "link": "https://jooble.org/jdp/1287754897502207773",
        "company": "Dish",
        "updated": "2025-03-21T09:50:20.2530000",
        "id": 1287754897502207773
    }
]